what,kind,bundleId,bundleVersion,description,time
stopped,bundle,org.eclipse.jpt.core,2.3.0.v201006020000,"org.eclipse.jpt.core",1291274921425
stopped,bundle,org.eclipse.jpt.db,1.2.200.v201004290000,"org.eclipse.jpt.db",1291274921469
activated,perspective,org.eclipse.jdt.ui,,"org.eclipse.jdt.ui.JavaPerspective",1291276174319
started,bundle,org.eclipse.osgi,3.6.0.v20100517,"org.eclipse.osgi",1291276174320
started,bundle,org.eclipse.equinox.simpleconfigurator,1.0.200.v20100503,"org.eclipse.equinox.simpleconfigurator",1291276174321
started,bundle,com.ibm.icu,4.2.1.v20100412,"com.ibm.icu",1291276174321
started,bundle,org.eclipse.core.contenttype,3.4.100.v20100505-1235,"org.eclipse.core.contenttype",1291276174322
started,bundle,org.eclipse.core.databinding.observable,1.3.0.I20100601-0800,"org.eclipse.core.databinding.observable",1291276174323
started,bundle,org.eclipse.core.expressions,3.4.200.v20100505,"org.eclipse.core.expressions",1291276174323
started,bundle,org.eclipse.core.filebuffers,3.5.100.v20100520-0800,"org.eclipse.core.filebuffers",1291276174324
started,bundle,org.eclipse.core.filesystem,1.3.0.v20100526-0737,"org.eclipse.core.filesystem",1291276174324
started,bundle,org.eclipse.core.jobs,3.5.0.v20100515,"org.eclipse.core.jobs",1291276174325
started,bundle,org.eclipse.core.net,1.2.100.I20100511-0800,"org.eclipse.core.net",1291276174326
started,bundle,org.eclipse.core.resources,3.6.0.v20100526-0737,"org.eclipse.core.resources",1291276174326
started,bundle,org.eclipse.core.runtime,3.6.0.v20100505,"org.eclipse.core.runtime",1291276174327
started,bundle,org.eclipse.core.runtime.compatibility,3.2.100.v20100505,"org.eclipse.core.runtime.compatibility",1291276174328
started,bundle,org.eclipse.core.runtime.compatibility.auth,3.2.200.v20100517,"org.eclipse.core.runtime.compatibility.auth",1291276174328
started,bundle,org.eclipse.emf.common,2.6.0.v20100614-1136,"org.eclipse.emf.common",1291276174334
started,bundle,org.eclipse.emf.ecore,2.6.0.v20100614-1136,"org.eclipse.emf.ecore",1291276174336
started,bundle,org.eclipse.emf.ecore.xmi,2.5.0.v20100521-1846,"org.eclipse.emf.ecore.xmi",1291276174347
started,bundle,org.eclipse.epp.usagedata.gathering,1.3.0.R201005261100,"org.eclipse.epp.usagedata.gathering",1291276174348
started,bundle,org.eclipse.epp.usagedata.recording,1.3.0.R201005261100,"org.eclipse.epp.usagedata.recording",1291276174348
started,bundle,org.eclipse.equinox.app,1.3.0.v20100512,"org.eclipse.equinox.app",1291276174348
started,bundle,org.eclipse.equinox.common,3.6.0.v20100503,"org.eclipse.equinox.common",1291276174349
started,bundle,org.eclipse.equinox.ds,1.2.0.v20100507,"org.eclipse.equinox.ds",1291276174350
started,bundle,org.eclipse.equinox.event,1.2.0.v20100503,"org.eclipse.equinox.event",1291276174350
started,bundle,org.eclipse.equinox.p2.core,2.0.0.v20100510,"org.eclipse.equinox.p2.core",1291276174351
started,bundle,org.eclipse.equinox.p2.directorywatcher,1.0.200.v20100601,"org.eclipse.equinox.p2.directorywatcher",1291276174351
started,bundle,org.eclipse.equinox.p2.engine,2.0.0.v20100606,"org.eclipse.equinox.p2.engine",1291276174352
started,bundle,org.eclipse.equinox.p2.metadata,2.0.0.v20100601,"org.eclipse.equinox.p2.metadata",1291276174352
started,bundle,org.eclipse.equinox.p2.metadata.repository,1.1.0.v20100513,"org.eclipse.equinox.p2.metadata.repository",1291276174353
started,bundle,org.eclipse.equinox.p2.operations,2.0.0.v20100510,"org.eclipse.equinox.p2.operations",1291276174353
started,bundle,org.eclipse.equinox.p2.reconciler.dropins,1.1.0.v20100525,"org.eclipse.equinox.p2.reconciler.dropins",1291276174354
started,bundle,org.eclipse.equinox.p2.repository,2.0.0.v20100519,"org.eclipse.equinox.p2.repository",1291276174355
started,bundle,org.eclipse.equinox.p2.ui.sdk.scheduler,1.0.0.v20100507-1815,"org.eclipse.equinox.p2.ui.sdk.scheduler",1291276174355
started,bundle,org.eclipse.equinox.p2.updatechecker,1.1.100.v20100503a,"org.eclipse.equinox.p2.updatechecker",1291276174355
started,bundle,org.eclipse.equinox.preferences,3.3.0.v20100503,"org.eclipse.equinox.preferences",1291276174356
started,bundle,org.eclipse.equinox.registry,3.5.0.v20100503,"org.eclipse.equinox.registry",1291276174357
started,bundle,org.eclipse.equinox.security,1.0.200.v20100503,"org.eclipse.equinox.security",1291276174357
started,bundle,org.eclipse.equinox.util,1.0.200.v20100503,"org.eclipse.equinox.util",1291276174358
started,bundle,org.eclipse.help,3.5.0.v20100524,"org.eclipse.help",1291276174359
started,bundle,org.eclipse.jdt.core,3.6.0.v_A58,"org.eclipse.jdt.core",1291276174360
started,bundle,org.eclipse.jdt.core.manipulation,1.3.0.v20100520-0800,"org.eclipse.jdt.core.manipulation",1291276174360
started,bundle,org.eclipse.jdt.ui,3.6.0.v20100602-1600,"org.eclipse.jdt.ui",1291276174364
started,bundle,org.eclipse.jface,3.6.0.I20100601-0800,"org.eclipse.jface",1291276174364
started,bundle,org.eclipse.jst.ws.jaxws.utils,1.0.0.v201004171919,"org.eclipse.jst.ws.jaxws.utils",1291276174365
started,bundle,org.eclipse.mylyn.bugzilla.core,3.4.0.v20100608-0100-e3x,"org.eclipse.mylyn.bugzilla.core",1291276174378
started,bundle,org.eclipse.mylyn.bugzilla.ui,3.4.0.v20100608-0100-e3x,"org.eclipse.mylyn.bugzilla.ui",1291276174393
started,bundle,org.eclipse.mylyn.commons.net,3.4.0.v20100608-0100-e3x,"org.eclipse.mylyn.commons.net",1291276174393
started,bundle,org.eclipse.mylyn.commons.ui,3.4.0.v20100608-0100-e3x,"org.eclipse.mylyn.commons.ui",1291276174395
started,bundle,org.eclipse.mylyn.context.core,3.4.0.v20100608-0100-e3x,"org.eclipse.mylyn.context.core",1291276174397
started,bundle,org.eclipse.mylyn.context.ui,3.4.0.v20100608-0100-e3x,"org.eclipse.mylyn.context.ui",1291276174397
started,bundle,org.eclipse.mylyn.monitor.ui,3.4.0.v20100608-0100-e3x,"org.eclipse.mylyn.monitor.ui",1291276174398
started,bundle,org.eclipse.mylyn.tasks.ui,3.4.0.v20100608-0100-e3x,"org.eclipse.mylyn.tasks.ui",1291276174399
started,bundle,org.eclipse.mylyn.team.ui,3.4.0.v20100608-0100-e3x,"org.eclipse.mylyn.team.ui",1291276174400
started,bundle,org.eclipse.pde.launching,3.6.0.v20100601,"org.eclipse.pde.launching",1291276174401
started,bundle,org.eclipse.pde.ui,3.6.0.v20100601,"org.eclipse.pde.ui",1291276174402
started,bundle,org.eclipse.team.core,3.5.100.I20100527-0800,"org.eclipse.team.core",1291276174403
started,bundle,org.eclipse.ui,3.6.0.I20100603-1100,"org.eclipse.ui",1291276174404
started,bundle,org.eclipse.ui.editors,3.6.0.v20100520-0800,"org.eclipse.ui.editors",1291276174405
started,bundle,org.eclipse.ui.forms,3.5.0.v20100427,"org.eclipse.ui.forms",1291276174406
started,bundle,org.eclipse.ui.ide,3.6.0.I20100601-0800,"org.eclipse.ui.ide",1291276174407
started,bundle,org.eclipse.ui.net,1.2.100.I20100505-1245,"org.eclipse.ui.net",1291276174407
started,bundle,org.eclipse.ui.views,3.5.0.I20100527-0800,"org.eclipse.ui.views",1291276174408
started,bundle,org.eclipse.ui.views.log,1.0.100.v20100423,"org.eclipse.ui.views.log",1291276174409
started,bundle,org.eclipse.ui.workbench,3.6.0.I20100603-1100,"org.eclipse.ui.workbench",1291276174409
started,bundle,org.eclipse.ui.workbench.texteditor,3.6.0.v20100520-0800,"org.eclipse.ui.workbench.texteditor",1291276174410
started,bundle,org.eclipse.update.scheduler,3.2.300.v20100512,"org.eclipse.update.scheduler",1291276174411
started,bundle,org.eclipse.wst.common.project.facet.core,1.4.100.v201005190114,"org.eclipse.wst.common.project.facet.core",1291276174411
started,bundle,org.eclipse.wst.jsdt.debug.ui,1.0.0.v201005250108,"org.eclipse.wst.jsdt.debug.ui",1291276174412
started,bundle,org.eclipse.wst.web,1.1.400.v201005270700,"org.eclipse.wst.web",1291276174413
os,sysinfo,,,"linux",1291276174418
arch,sysinfo,,,"x86",1291276174418
ws,sysinfo,,,"gtk",1291276174418
locale,sysinfo,,,"en_IN",1291276174418
processors,sysinfo,,,"2",1291276174418
java.runtime.name,sysinfo,,,"OpenJDK Runtime Environment",1291276174418
java.runtime.version,sysinfo,,,"1.6.0_20-b20",1291276174418
java.specification.name,sysinfo,,,"Java Platform API Specification",1291276174418
java.specification.vendor,sysinfo,,,"Sun Microsystems Inc.",1291276174418
java.specification.version,sysinfo,,,"1.6",1291276174418
java.vendor,sysinfo,,,"Sun Microsystems Inc.",1291276174418
java.version,sysinfo,,,"1.6.0_20",1291276174418
java.vm.info,sysinfo,,,"mixed mode, sharing",1291276174418
java.vm.name,sysinfo,,,"OpenJDK Client VM",1291276174418
java.vm.specification.name,sysinfo,,,"Java Virtual Machine Specification",1291276174418
java.vm.specification.vendor,sysinfo,,,"Sun Microsystems Inc.",1291276174418
java.vm.specification.version,sysinfo,,,"1.0",1291276174418
java.vm.vendor,sysinfo,,,"Sun Microsystems Inc.",1291276174418
java.vm.version,sysinfo,,,"19.0-b09",1291276174418
started,bundle,org.eclipse.update.configurator,3.3.100.v20100512,"org.eclipse.update.configurator",1291276174454
started,bundle,org.eclipse.update.core,3.2.400.v20100512,"org.eclipse.update.core",1291276174459
started,bundle,org.eclipse.jsch.core,1.1.200.I20100505-1245,"org.eclipse.jsch.core",1291276174632
started,bundle,org.eclipse.team.cvs.core,3.3.300.I20100526-0800,"org.eclipse.team.cvs.core",1291276174633
started,bundle,org.eclipse.team.ui,3.5.100.I20100527-0800,"org.eclipse.team.ui",1291276174653
started,bundle,org.eclipse.ui.console,3.5.0.v20100526,"org.eclipse.ui.console",1291276174672
started,bundle,org.eclipse.team.cvs.ui,3.3.300.I20100526-0800,"org.eclipse.team.cvs.ui",1291276174745
deactivated,workbench,org.eclipse.ui.workbench,3.6.0.I20100603-1100,"",1291276189482
executed,command,org.eclipse.ui,3.6.0.I20100603-1100,"org.eclipse.ui.newWizard",1291276196139
activated,workbench,org.eclipse.ui.workbench,3.6.0.I20100603-1100,"",1291276196169
deactivated,workbench,org.eclipse.ui.workbench,3.6.0.I20100603-1100,"",1291276200802
started,bundle,org.eclipse.debug.core,3.6.0.v20100519,"org.eclipse.debug.core",1291276220633
started,bundle,org.eclipse.jdt.launching,3.5.100.v20100526,"org.eclipse.jdt.launching",1291276220639
started,bundle,org.eclipse.jst.common.project.facet.core,1.4.100.v201004202202,"org.eclipse.jst.common.project.facet.core",1291276221933
started,bundle,org.eclipse.jst.ws.jaxrs.core,1.0.0.v201005191955,"org.eclipse.jst.ws.jaxrs.core",1291276221962
started,bundle,org.eclipse.pde.core,3.6.0.v20100601,"org.eclipse.pde.core",1291276222403
executed,command,org.eclipse.ui,3.6.0.I20100603-1100,"org.eclipse.ui.file.import",1291276222423
executed,command,org.eclipse.ui,3.6.0.I20100603-1100,"org.eclipse.ui.file.import",1291276222423
activated,workbench,org.eclipse.ui.workbench,3.6.0.I20100603-1100,"",1291276222531
started,bundle,org.eclipse.jpt.core,2.3.0.v201006020000,"org.eclipse.jpt.core",1291276223239
started,bundle,org.eclipse.wst.jsdt.core,1.1.0.v201006030738,"org.eclipse.wst.jsdt.core",1291276223313
started,bundle,org.eclipse.jdt.apt.core,3.3.400.v20100513-0845,"org.eclipse.jdt.apt.core",1291276225895
started,bundle,org.eclipse.wst.sse.core,1.1.500.v201006020308,"org.eclipse.wst.sse.core",1291276226659
started,bundle,org.eclipse.wst.html.core,1.1.400.v201005261534,"org.eclipse.wst.html.core",1291276227872
started,bundle,org.eclipse.debug.ui,3.6.0.v20100601-1530,"org.eclipse.debug.ui",1291276228934
started,bundle,org.eclipse.core.externaltools,1.0.0.v20100505,"org.eclipse.core.externaltools",1291276229444
started,bundle,org.eclipse.ant.launching,1.0.0.v20100427,"org.eclipse.ant.launching",1291276229545
started,bundle,org.eclipse.core.variables,3.2.400.v20100505,"org.eclipse.core.variables",1291276230006
started,bundle,org.eclipse.ant.core,3.2.200.v20100427,"org.eclipse.ant.core",1291276230057
deactivated,workbench,org.eclipse.ui.workbench,3.6.0.I20100603-1100,"",1291276230503
started,bundle,org.eclipse.pde.build,3.6.0.v20100603,"org.eclipse.pde.build",1291276230763
started,bundle,org.eclipse.ant.ui,3.5.0.v20100427,"org.eclipse.ant.ui",1291276230822
started,bundle,org.eclipse.jdt.debug,3.6.0.v20100526,"org.eclipse.jdt.debug",1291276231186
started,bundle,org.eclipse.jdt.debug.ui,3.5.0.v20100602-0830,"org.eclipse.jdt.debug.ui",1291276231430
started,bundle,org.eclipse.mylyn.wikitext.core,1.3.0.v20100608-0100-e3x,"org.eclipse.mylyn.wikitext.core",1291276231482
started,bundle,org.eclipse.equinox.p2.director.app,1.0.200.v20100527,"org.eclipse.equinox.p2.director.app",1291276231483
started,bundle,org.eclipse.emf.ant,2.6.0.v20100521-1846,"org.eclipse.emf.ant",1291276231509
started,bundle,org.eclipse.equinox.p2.publisher,1.1.0.v20100513,"org.eclipse.equinox.p2.publisher",1291276231528
started,bundle,org.eclipse.help.base,3.5.0.v201006080911,"org.eclipse.help.base",1291276231590
started,bundle,org.eclipse.emf.converter,2.5.0.v20100614-1136,"org.eclipse.emf.converter",1291276231645
started,bundle,org.eclipse.emf.importer,2.6.0.v20100521-1846,"org.eclipse.emf.importer",1291276231669
started,bundle,org.eclipse.emf.importer.ecore,2.6.0.v20100521-1846,"org.eclipse.emf.importer.ecore",1291276231674
started,bundle,org.eclipse.wst.xsl.core,1.1.0.v201004290328,"org.eclipse.wst.xsl.core",1291276231724
started,bundle,org.eclipse.wst.command.env,1.0.409.v201004211805,"org.eclipse.wst.command.env",1291276231726
started,bundle,org.eclipse.emf.importer.rose,2.6.0.v20100521-1846,"org.eclipse.emf.importer.rose",1291276231733
started,bundle,org.eclipse.equinox.p2.repository.tools,2.0.0.v20100520,"org.eclipse.equinox.p2.repository.tools",1291276231750
started,bundle,org.eclipse.emf.importer.java,2.6.0.v20100521-1846,"org.eclipse.emf.importer.java",1291276231754
started,bundle,org.eclipse.pde.api.tools,1.0.201.v20100602-0930,"org.eclipse.pde.api.tools",1291276231895
opened,view,org.eclipse.ui.console,3.5.0.v20100526,"org.eclipse.ui.console.ConsoleView",1291276233295
started,bundle,org.eclipse.jdt.apt.pluggable.core,1.0.300.v20100513-0845,"org.eclipse.jdt.apt.pluggable.core",1291276234463
executed,command,org.eclipse.debug.ui,3.6.0.v20100601-1530,"org.eclipse.debug.ui.commands.OpenRunConfigurations",1291276255430
activated,workbench,org.eclipse.ui.workbench,3.6.0.I20100603-1100,"",1291276255458
activated,view,org.eclipse.ui.console,3.5.0.v20100526,"org.eclipse.ui.console.ConsoleView",1291276255513
deactivated,workbench,org.eclipse.ui.workbench,3.6.0.I20100603-1100,"",1291276256056
activated,workbench,org.eclipse.ui.workbench,3.6.0.I20100603-1100,"",1291276256918
activated,view,org.eclipse.jdt.ui,3.6.0.v20100602-1600,"org.eclipse.jdt.ui.PackageExplorer",1291276268121
deactivated,workbench,org.eclipse.ui.workbench,3.6.0.I20100603-1100,"",1291276270475
activated,workbench,org.eclipse.ui.workbench,3.6.0.I20100603-1100,"",1291276299943
started,bundle,org.eclipse.wst.server.core,1.1.202.v20100518,"org.eclipse.wst.server.core",1291276300896
started,bundle,org.eclipse.wst.server.ui,1.1.203.v20100601,"org.eclipse.wst.server.ui",1291276300992
started,bundle,org.eclipse.wst.common.frameworks,1.2.0.v201003040800,"org.eclipse.wst.common.frameworks",1291276301094
started,bundle,org.eclipse.wst.common.emf,1.2.0.v201005200700,"org.eclipse.wst.common.emf",1291276301183
started,bundle,org.eclipse.jem.util,2.1.0.v201005130500,"org.eclipse.jem.util",1291276301228
started,bundle,org.eclipse.wst.common.emfworkbench.integration,1.2.0.v201004110600,"org.eclipse.wst.common.emfworkbench.integration",1291276301236
started,bundle,org.eclipse.wst.common.core,1.2.0.v200908252030,"org.eclipse.wst.common.core",1291276301326
started,bundle,org.eclipse.wst.common.modulecore,1.2.0.v201005200200,"org.eclipse.wst.common.modulecore",1291276301338
started,bundle,org.eclipse.jst.j2ee.core,1.2.0.v201005200200,"org.eclipse.jst.j2ee.core",1291276301407
started,bundle,org.eclipse.jem,2.0.400.v201005110200,"org.eclipse.jem",1291276301471
started,bundle,org.eclipse.wst.common.frameworks.ui,1.2.0.v201004080500,"org.eclipse.wst.common.frameworks.ui",1291276301550
started,bundle,org.eclipse.wst.xml.core,1.1.500.v201005271618,"org.eclipse.wst.xml.core",1291276301573
started,bundle,org.eclipse.wst.validation,1.2.200.v201005271900,"org.eclipse.wst.validation",1291276301661
started,bundle,org.eclipse.jst.j2ee,1.1.400.v201005271900,"org.eclipse.jst.j2ee",1291276301783
started,bundle,org.eclipse.jst.server.core,1.2.101.v20100421,"org.eclipse.jst.server.core",1291276301805
started,bundle,org.eclipse.jst.jee,1.0.300.v201005191301,"org.eclipse.jst.jee",1291276301856
deactivated,workbench,org.eclipse.ui.workbench,3.6.0.I20100603-1100,"",1291276312023
executed,command,org.eclipse.debug.ui,3.6.0.v20100601-1530,"org.eclipse.debug.ui.commands.OpenRunConfigurations",1291276325564
activated,workbench,org.eclipse.ui.workbench,3.6.0.I20100603-1100,"",1291276325618
deactivated,workbench,org.eclipse.ui.workbench,3.6.0.I20100603-1100,"",1291276331773
started,bundle,org.eclipse.pde,3.6.0.v201006080911,"org.eclipse.pde",1291276343613
started,bundle,org.eclipse.jdt.junit.core,3.6.0.v20100526-0800,"org.eclipse.jdt.junit.core",1291276343823
started,bundle,org.eclipse.equinox.simpleconfigurator.manipulator,2.0.0.v20100503,"org.eclipse.equinox.simpleconfigurator.manipulator",1291276343834
started,bundle,org.eclipse.equinox.frameworkadmin,2.0.0.v20100503,"org.eclipse.equinox.frameworkadmin",1291276343857
activated,workbench,org.eclipse.ui.workbench,3.6.0.I20100603-1100,"",1291276451759
deactivated,workbench,org.eclipse.ui.workbench,3.6.0.I20100603-1100,"",1291276452567
activated,workbench,org.eclipse.ui.workbench,3.6.0.I20100603-1100,"",1291276459401
deactivated,workbench,org.eclipse.ui.workbench,3.6.0.I20100603-1100,"",1291276464923
executed,command,org.eclipse.ui.ide,3.6.0.I20100601-0800,"org.eclipse.ui.project.cleanAction",1291276465240
activated,workbench,org.eclipse.ui.workbench,3.6.0.I20100603-1100,"",1291276465283
deactivated,workbench,org.eclipse.ui.workbench,3.6.0.I20100603-1100,"",1291276465940
activated,workbench,org.eclipse.ui.workbench,3.6.0.I20100603-1100,"",1291276466025
deactivated,workbench,org.eclipse.ui.workbench,3.6.0.I20100603-1100,"",1291276466029
activated,workbench,org.eclipse.ui.workbench,3.6.0.I20100603-1100,"",1291276467346
deactivated,workbench,org.eclipse.ui.workbench,3.6.0.I20100603-1100,"",1291276472198
executed,command,org.eclipse.debug.ui,3.6.0.v20100601-1530,"org.eclipse.debug.ui.commands.OpenRunConfigurations",1291276475391
activated,workbench,org.eclipse.ui.workbench,3.6.0.I20100603-1100,"",1291276475417
activated,view,org.eclipse.ui.console,3.5.0.v20100526,"org.eclipse.ui.console.ConsoleView",1291276475894
deactivated,workbench,org.eclipse.ui.workbench,3.6.0.I20100603-1100,"",1291276481929
activated,workbench,org.eclipse.ui.workbench,3.6.0.I20100603-1100,"",1291276520784
started,bundle,org.eclipse.wst.xsl.debug.ui,1.0.100.v201004290328,"org.eclipse.wst.xsl.debug.ui",1291276521181
deactivated,workbench,org.eclipse.ui.workbench,3.6.0.I20100603-1100,"",1291276544725
activated,workbench,org.eclipse.ui.workbench,3.6.0.I20100603-1100,"",1291276606478
deactivated,workbench,org.eclipse.ui.workbench,3.6.0.I20100603-1100,"",1291276625192
activated,workbench,org.eclipse.ui.workbench,3.6.0.I20100603-1100,"",1291276664069
started,bundle,org.eclipse.ltk.core.refactoring,3.5.100.v20100526-0800,"org.eclipse.ltk.core.refactoring",1291276667974
started,bundle,org.eclipse.ltk.ui.refactoring,3.5.0.v20100526-0800,"org.eclipse.ltk.ui.refactoring",1291276668353
started,bundle,org.eclipse.compare.core,3.5.100.I20100526-0800,"org.eclipse.compare.core",1291276668607
opened,editor,org.eclipse.jdt.ui,3.6.0.v20100602-1600,"org.eclipse.jdt.ui.CompilationUnitEditor",1291276669162
activated,editor,org.eclipse.jdt.ui,3.6.0.v20100602-1600,"org.eclipse.jdt.ui.CompilationUnitEditor",1291276669529
activated,view,org.eclipse.ui.console,3.5.0.v20100526,"org.eclipse.ui.console.ConsoleView",1291276670341
deactivated,workbench,org.eclipse.ui.workbench,3.6.0.I20100603-1100,"",1291276674322
activated,workbench,org.eclipse.ui.workbench,3.6.0.I20100603-1100,"",1291276680324
activated,editor,org.eclipse.jdt.ui,3.6.0.v20100602-1600,"org.eclipse.jdt.ui.CompilationUnitEditor",1291276680395
activated,view,org.eclipse.ui.console,3.5.0.v20100526,"org.eclipse.ui.console.ConsoleView",1291276682070
deactivated,workbench,org.eclipse.ui.workbench,3.6.0.I20100603-1100,"",1291276695385
activated,workbench,org.eclipse.ui.workbench,3.6.0.I20100603-1100,"",1291276737423
deactivated,workbench,org.eclipse.ui.workbench,3.6.0.I20100603-1100,"",1291276879953
activated,workbench,org.eclipse.ui.workbench,3.6.0.I20100603-1100,"",1291277136754
deactivated,workbench,org.eclipse.ui.workbench,3.6.0.I20100603-1100,"",1291277147003
activated,workbench,org.eclipse.ui.workbench,3.6.0.I20100603-1100,"",1291277172703
deactivated,workbench,org.eclipse.ui.workbench,3.6.0.I20100603-1100,"",1291277197368
activated,workbench,org.eclipse.ui.workbench,3.6.0.I20100603-1100,"",1291277221948
deactivated,workbench,org.eclipse.ui.workbench,3.6.0.I20100603-1100,"",1291277262654
activated,workbench,org.eclipse.ui.workbench,3.6.0.I20100603-1100,"",1291277356080
deactivated,workbench,org.eclipse.ui.workbench,3.6.0.I20100603-1100,"",1291277365490
activated,workbench,org.eclipse.ui.workbench,3.6.0.I20100603-1100,"",1291277380807
deactivated,workbench,org.eclipse.ui.workbench,3.6.0.I20100603-1100,"",1291277387239
activated,workbench,org.eclipse.ui.workbench,3.6.0.I20100603-1100,"",1291277403076
deactivated,workbench,org.eclipse.ui.workbench,3.6.0.I20100603-1100,"",1291277406525
activated,workbench,org.eclipse.ui.workbench,3.6.0.I20100603-1100,"",1291277411326
deactivated,workbench,org.eclipse.ui.workbench,3.6.0.I20100603-1100,"",1291277413040
activated,workbench,org.eclipse.ui.workbench,3.6.0.I20100603-1100,"",1291277486463
deactivated,workbench,org.eclipse.ui.workbench,3.6.0.I20100603-1100,"",1291277500193
activated,workbench,org.eclipse.ui.workbench,3.6.0.I20100603-1100,"",1291277537296
deactivated,workbench,org.eclipse.ui.workbench,3.6.0.I20100603-1100,"",1291277544142
activated,workbench,org.eclipse.ui.workbench,3.6.0.I20100603-1100,"",1291277553524
deactivated,workbench,org.eclipse.ui.workbench,3.6.0.I20100603-1100,"",1291277585671
activated,workbench,org.eclipse.ui.workbench,3.6.0.I20100603-1100,"",1291277588563
deactivated,workbench,org.eclipse.ui.workbench,3.6.0.I20100603-1100,"",1291277589470
activated,workbench,org.eclipse.ui.workbench,3.6.0.I20100603-1100,"",1291277594317
deactivated,workbench,org.eclipse.ui.workbench,3.6.0.I20100603-1100,"",1291277595766
activated,workbench,org.eclipse.ui.workbench,3.6.0.I20100603-1100,"",1291277596954
deactivated,workbench,org.eclipse.ui.workbench,3.6.0.I20100603-1100,"",1291277598163
activated,workbench,org.eclipse.ui.workbench,3.6.0.I20100603-1100,"",1291277607818
deactivated,workbench,org.eclipse.ui.workbench,3.6.0.I20100603-1100,"",1291277613292
activated,workbench,org.eclipse.ui.workbench,3.6.0.I20100603-1100,"",1291277782591
deactivated,workbench,org.eclipse.ui.workbench,3.6.0.I20100603-1100,"",1291277788343
activated,workbench,org.eclipse.ui.workbench,3.6.0.I20100603-1100,"",1291277810938
deactivated,workbench,org.eclipse.ui.workbench,3.6.0.I20100603-1100,"",1291277816273
activated,workbench,org.eclipse.ui.workbench,3.6.0.I20100603-1100,"",1291277825741
deactivated,workbench,org.eclipse.ui.workbench,3.6.0.I20100603-1100,"",1291277831348
activated,workbench,org.eclipse.ui.workbench,3.6.0.I20100603-1100,"",1291277889821
activated,view,org.eclipse.jdt.ui,3.6.0.v20100602-1600,"org.eclipse.jdt.ui.PackageExplorer",1291277907433
deactivated,workbench,org.eclipse.ui.workbench,3.6.0.I20100603-1100,"",1291277997763
activated,workbench,org.eclipse.ui.workbench,3.6.0.I20100603-1100,"",1291278078874
started,bundle,org.eclipse.wst.jsdt.debug.core,1.0.0.v201006082045,"org.eclipse.wst.jsdt.debug.core",1291278088546
closed,workbench,org.eclipse.ui.workbench,3.6.0.I20100603-1100,"",1291278088763
executed,command,org.eclipse.ui,3.6.0.I20100603-1100,"org.eclipse.ui.file.restartWorkbench",1291278089904
stopped,bundle,org.eclipse.jst.j2ee.xdoclet.runtime,1.1.300.v201004280700,"org.eclipse.jst.j2ee.xdoclet.runtime",1291278090033
stopped,bundle,org.eclipse.jst.j2ee.ejb.annotations.xdoclet,1.2.100.v201003112036,"org.eclipse.jst.j2ee.ejb.annotations.xdoclet",1291278090035
stopped,bundle,org.eclipse.jst.server.generic.jboss,1.6.1.v200904151730,"org.eclipse.jst.server.generic.jboss",1291278090035
stopped,bundle,org.eclipse.jst.server.generic.jonas,1.5.205.v200805140145,"org.eclipse.jst.server.generic.jonas",1291278090036
stopped,bundle,org.eclipse.jst.server.generic.oc4j,1.5.206.v20090812,"org.eclipse.jst.server.generic.oc4j",1291278090037
stopped,bundle,org.eclipse.jst.server.websphere.core,1.0.302.v20080620,"org.eclipse.jst.server.websphere.core",1291278090041
stopped,bundle,org.eclipse.jst.server.generic.ui,1.0.505.v20100428,"org.eclipse.jst.server.generic.ui",1291278090041
stopped,bundle,org.eclipse.jst.server.generic.core,1.0.606.v20100512,"org.eclipse.jst.server.generic.core",1291278090042
stopped,bundle,org.eclipse.mylyn.ide.ant,3.4.0.v20100608-0100-e3x,"org.eclipse.mylyn.ide.ant",1291278090043
stopped,bundle,org.eclipse.datatools.connectivity.oda.template.ui,3.2.1.v201004090942,"org.eclipse.datatools.connectivity.oda.template.ui",1291278090044
stopped,bundle,org.eclipse.pde.api.tools.ui,1.0.200.v20100601-1815,"org.eclipse.pde.api.tools.ui",1291278090044
stopped,bundle,org.eclipse.pde.ds.ui,1.0.100.v20100601,"org.eclipse.pde.ds.ui",1291278090045
stopped,bundle,org.eclipse.pde.runtime,3.4.200.v20100601,"org.eclipse.pde.runtime",1291278090046
stopped,bundle,org.eclipse.pde.ua.ui,1.0.100.v20100504,"org.eclipse.pde.ua.ui",1291278090047
stopped,bundle,org.eclipse.pde.ui.templates,3.4.200.v20100601,"org.eclipse.pde.ui.templates",1291278090048
stopped,bundle,org.eclipse.pde.ui,3.6.0.v20100601,"org.eclipse.pde.ui",1291278090050
stopped,bundle,org.eclipse.ant.ui,3.5.0.v20100427,"org.eclipse.ant.ui",1291278090103
stopped,bundle,org.eclipse.ant.launching,1.0.0.v20100427,"org.eclipse.ant.launching",1291278090103
stopped,bundle,org.eclipse.equinox.p2.ui.sdk,1.0.100.v20100513,"org.eclipse.equinox.p2.ui.sdk",1291278090105
stopped,bundle,org.eclipse.jst.server.tomcat.ui,1.1.200.v20100418,"org.eclipse.jst.server.tomcat.ui",1291278090109
stopped,bundle,org.eclipse.jst.server.ui,1.1.100.v20100511,"org.eclipse.jst.server.ui",1291278090111
stopped,bundle,org.eclipse.mylyn.java.tasks,3.4.0.v20100608-0100-e3x,"org.eclipse.mylyn.java.tasks",1291278090113
stopped,bundle,org.eclipse.mylyn.java.ui,3.4.0.v20100608-0100-e3x,"org.eclipse.mylyn.java.ui",1291278090115
stopped,bundle,org.eclipse.jdt.junit,3.6.0.v20100526-0800,"org.eclipse.jdt.junit",1291278090116
stopped,bundle,org.eclipse.jpt.eclipselink.ui,1.3.0.v201004280001,"org.eclipse.jpt.eclipselink.ui",1291278090118
stopped,bundle,org.eclipse.jpt.eclipselink.core,1.3.0.v201005250000,"org.eclipse.jpt.eclipselink.core",1291278090119
stopped,bundle,org.eclipse.jpt.jaxb.ui,1.0.0.v201006070001,"org.eclipse.jpt.jaxb.ui",1291278090120
stopped,bundle,org.eclipse.jpt.ui,2.3.0.v201005190001,"org.eclipse.jpt.ui",1291278090121
stopped,bundle,org.eclipse.jpt.core,2.3.0.v201006020000,"org.eclipse.jpt.core",1291278090121
stopped,bundle,org.eclipse.jpt.db,1.2.200.v201004290000,"org.eclipse.jpt.db",1291278090122
